"Time (s) Magnetisk strøfelt,""Magnetic Field Strength (1X) (T) Magnetisk strøfelt"",""Time (s) Avvik 100s"",""Magnetic Field Strength (1X) (T) Avvik 100s"",""Time (s) Avvik 10s"",""Magnetic Field Strength (1X) (T) Avvik 10s"",""Time (s) Avvik 1s"",""Magnetic Field Strength (1X) (T) Avvik 1s"""
0.000,3E-5,0.000,3E-6,0.000,1E-6,0.000,-2E-7
0.100,3E-5,0.100,2E-6,0.100,1E-6,0.100,-3E-6
0.200,3E-5,0.200,3E-6,0.200,-2E-8,0.200,-1E-6
0.300,3E-5,0.300,2E-6,0.300,1E-6,0.300,-2E-6
0.400,3E-5,0.400,3E-6,0.400,1E-6,0.400,-2E-6
0.500,3E-5,0.500,2E-6,0.500,5E-7,0.500,-4E-6
0.600,3E-5,0.600,9E-7,0.600,3E-6,0.600,-2E-6
0.700,3E-5,0.700,9E-7,0.700,2E-6,0.700,-2E-6
0.800,3E-5,0.800,1E-6,0.800,2E-6,0.800,-4E-6
0.900,3E-5,0.900,1E-6,0.900,2E-6,0.900,-3E-6
1.000,3E-5,1.000,8E-7,1.000,1E-6,1.000,-4E-6
1.100,3E-5,1.100,2E-6,1.100,-1E-6,1.100,-3E-6
1.200,3E-5,1.200,3E-6,1.200,-1E-7,1.200,-4E-6
1.300,2E-5,1.300,2E-6,1.300,2E-6,1.300,-3E-6
1.400,2E-5,1.400,1E-6,1.400,6E-7,,
1.500,1E-5,1.500,-7E-7,1.500,-1E-7,,
1.600,1E-5,1.600,9E-7,1.600,6E-7,,
1.700,1E-5,1.700,1E-6,1.700,3E-6,,
1.800,1E-5,1.800,8E-7,1.800,5E-8,,
1.900,1E-5,1.900,3E-6,1.900,2E-6,,
2.000,1E-5,2.000,2E-6,2.000,1E-6,,
2.100,1E-5,2.100,2E-6,2.100,-1E-7,,
2.200,9E-6,2.200,2E-6,2.200,2E-8,,
2.300,6E-6,2.300,3E-7,2.300,-9E-7,,
2.400,9E-7,2.400,-4E-8,2.400,-2E-6,,
2.500,3E-6,2.500,8E-7,2.500,2E-6,,
2.600,2E-6,2.600,1E-6,2.600,6E-7,,
2.700,4E-6,2.700,1E-6,2.700,1E-6,,
2.800,7E-6,2.800,3E-6,2.800,-2E-7,,
2.900,4E-6,2.900,3E-6,2.900,-8E-7,,
3.000,6E-6,3.000,-6E-7,3.000,-2E-6,,
3.100,6E-6,3.100,2E-6,3.100,-2E-6,,
3.200,9E-6,3.200,1E-6,3.200,-3E-6,,
3.300,7E-6,3.300,1E-6,3.300,-7E-7,,
3.400,8E-6,3.400,1E-6,3.400,-9E-7,,
3.500,6E-6,3.500,8E-7,3.500,1E-6,,
3.600,7E-6,3.600,-3E-7,3.600,1E-6,,
3.700,8E-6,3.700,-3E-7,3.700,-7E-7,,
3.800,7E-6,3.800,-1E-6,3.800,-7E-7,,
3.900,1E-5,3.900,6E-7,3.900,1E-7,,
4.000,1E-5,4.000,2E-6,4.000,1E-6,,
4.100,1E-5,4.100,8E-7,4.100,-6E-7,,
4.200,1E-5,4.200,-2E-6,4.200,2E-6,,
4.300,1E-5,4.300,-2E-6,4.300,-2E-6,,
4.400,2E-5,4.400,1E-6,4.400,2E-6,,
4.500,2E-5,4.500,1E-6,4.500,3E-7,,
4.600,1E-5,4.600,-2E-6,4.600,1E-6,,
4.700,1E-5,4.700,-4E-7,4.700,7E-7,,
4.800,1E-5,4.800,6E-7,4.800,9E-7,,
4.900,9E-6,4.900,-7E-7,4.900,-6E-8,,
5.000,1E-5,5.000,-1E-6,5.000,1E-7,,
5.100,2E-5,5.100,-5E-7,5.100,-2E-6,,
5.200,2E-5,5.200,-6E-7,5.200,-4E-7,,
5.300,3E-5,5.300,-2E-6,5.300,9E-8,,
5.400,3E-5,5.400,-3E-6,5.400,-2E-7,,
5.500,3E-5,5.500,-2E-6,5.500,-3E-7,,
5.600,3E-5,5.600,-2E-6,5.600,-3E-8,,
5.700,2E-5,5.700,-2E-7,5.700,-2E-6,,
5.800,2E-5,5.800,-1E-6,5.800,-9E-7,,
5.900,2E-5,5.900,-6E-7,5.900,-8E-7,,
6.000,2E-5,6.000,-1E-6,6.000,-2E-6,,
6.100,2E-5,6.100,-8E-7,6.100,-1E-6,,
6.200,3E-5,6.200,-3E-6,6.200,-1E-6,,
6.300,3E-5,6.300,-2E-6,6.300,5E-7,,
6.400,3E-5,6.400,-5E-7,6.400,-4E-6,,
6.500,3E-5,6.500,-1E-6,6.500,-2E-7,,
6.600,3E-5,6.600,-4E-7,6.600,-1E-6,,
6.700,3E-5,6.700,-1E-6,6.700,-2E-6,,
6.800,2E-5,6.800,-2E-6,6.800,-3E-6,,
6.900,2E-5,6.900,-2E-6,6.900,-2E-6,,
7.000,2E-5,7.000,-2E-6,7.000,-9E-7,,
7.100,2E-5,7.100,-2E-6,7.100,-1E-6,,
7.200,2E-5,7.200,-2E-6,7.200,-2E-6,,
7.300,2E-5,7.300,-3E-6,7.300,-2E-6,,
7.400,2E-5,7.400,-2E-6,7.400,-3E-6,,
7.500,2E-5,7.500,-1E-6,7.500,-2E-6,,
7.600,2E-5,7.600,-3E-6,7.600,-4E-6,,
7.700,8E-6,7.700,-5E-6,7.700,-2E-6,,
7.800,-1E-5,7.800,-2E-6,7.800,-2E-6,,
7.900,-1E-6,7.900,-2E-6,7.900,-4E-6,,
8.000,2E-5,8.000,-3E-6,8.000,-2E-6,,
8.100,3E-5,8.100,-2E-6,8.100,-2E-6,,
8.200,2E-5,8.200,-2E-6,8.200,2E-7,,
8.300,2E-5,8.300,-3E-6,8.300,-4E-6,,
8.400,2E-5,8.400,-3E-6,8.400,-3E-6,,
8.500,2E-5,8.500,-3E-6,8.500,-2E-6,,
8.600,2E-5,8.600,-2E-6,8.600,-1E-6,,
8.700,2E-5,8.700,-4E-6,8.700,-2E-6,,
8.800,2E-5,8.800,-9E-7,8.800,-3E-6,,
8.900,2E-5,8.900,-1E-6,8.900,-3E-6,,
9.000,2E-5,9.000,-3E-6,9.000,-3E-6,,
9.100,2E-5,9.100,-5E-6,9.100,-4E-6,,
9.200,2E-5,9.200,-3E-6,9.200,-4E-6,,
9.300,2E-5,9.300,-1E-6,9.300,-3E-6,,
9.400,2E-5,9.400,-1E-6,9.400,-3E-6,,
9.500,1E-5,9.500,-2E-6,9.500,-2E-6,,
9.600,1E-5,9.600,-4E-6,9.600,-2E-6,,
9.700,1E-5,9.700,-2E-6,9.700,-3E-6,,
9.800,1E-5,9.800,-3E-6,9.800,-2E-6,,
9.900,1E-5,9.900,-2E-6,9.900,-5E-6,,
10.000,2E-6,10.000,-2E-6,10.000,-2E-6,,
10.100,-2E-5,10.100,-4E-6,10.100,-3E-6,,
10.200,-2E-5,10.200,-1E-6,10.200,-6E-6,,
10.300,-2E-5,10.300,-7E-7,,,,
10.400,-2E-5,10.400,-3E-6,,,,
10.500,-2E-5,10.500,-1E-6,,,,
10.600,-2E-5,10.600,-1E-6,,,,
10.700,-2E-5,10.700,-4E-6,,,,
10.800,-2E-5,10.800,5E-8,,,,
10.900,-2E-5,10.900,-3E-6,,,,
11.000,-2E-5,11.000,-4E-6,,,,
11.100,-2E-5,11.100,-4E-6,,,,
11.200,-2E-5,11.200,-2E-6,,,,
11.300,-2E-5,11.300,-3E-6,,,,
11.400,-2E-5,11.400,-4E-6,,,,
11.500,-2E-5,11.500,-3E-6,,,,
11.600,-2E-5,11.600,-3E-6,,,,
11.700,-1E-5,11.700,-5E-6,,,,
11.800,-2E-5,11.800,-3E-6,,,,
11.900,-2E-5,11.900,-4E-6,,,,
12.000,-2E-5,12.000,-5E-6,,,,
12.100,-2E-5,12.100,-3E-6,,,,
12.200,-2E-5,12.200,-3E-6,,,,
12.300,-2E-5,12.300,-4E-6,,,,
12.400,-2E-5,12.400,-3E-6,,,,
12.500,-6E-6,12.500,-3E-6,,,,
12.600,6E-6,12.600,-5E-6,,,,
12.700,-4E-6,12.700,-3E-6,,,,
12.800,3E-6,12.800,-6E-6,,,,
12.900,8E-6,12.900,-5E-6,,,,
13.000,2E-5,13.000,-5E-6,,,,
13.100,2E-5,13.100,-6E-6,,,,
13.200,2E-5,13.200,-6E-6,,,,
13.300,2E-5,13.300,-8E-6,,,,
13.400,3E-5,13.400,-4E-6,,,,
13.500,3E-5,13.500,-6E-6,,,,
13.600,2E-5,13.600,-4E-6,,,,
13.700,3E-5,13.700,-6E-6,,,,
13.800,3E-5,13.800,-6E-6,,,,
13.900,3E-5,13.900,-5E-6,,,,
14.000,3E-5,14.000,-7E-6,,,,
14.100,3E-5,14.100,-5E-6,,,,
14.200,2E-5,14.200,-5E-6,,,,
14.300,2E-5,14.300,-4E-6,,,,
14.400,2E-5,14.400,-7E-6,,,,
14.500,2E-5,14.500,-6E-6,,,,
14.600,2E-5,14.600,-7E-6,,,,
14.700,2E-5,14.700,-4E-6,,,,
14.800,2E-5,14.800,-6E-6,,,,
14.900,2E-5,14.900,-8E-6,,,,
15.000,2E-5,15.000,-6E-6,,,,
15.100,2E-5,15.100,-7E-6,,,,
15.200,2E-5,15.200,-6E-6,,,,
15.300,2E-5,15.300,-7E-6,,,,
15.400,2E-5,15.400,-5E-6,,,,
15.500,2E-5,15.500,-7E-6,,,,
15.600,2E-5,15.600,-7E-6,,,,
15.700,3E-5,15.700,-5E-6,,,,
15.800,2E-5,15.800,-5E-6,,,,
15.900,2E-5,15.900,-8E-6,,,,
16.000,2E-5,16.000,-1E-5,,,,
16.100,3E-5,16.100,-8E-6,,,,
16.200,3E-5,16.200,-7E-6,,,,
16.300,3E-5,16.300,-7E-6,,,,
16.400,3E-5,16.400,-5E-6,,,,
16.500,3E-5,16.500,-6E-6,,,,
16.600,3E-5,16.600,-5E-6,,,,
16.700,3E-5,16.700,-6E-6,,,,
16.800,3E-5,16.800,-6E-6,,,,
16.900,3E-5,16.900,-9E-6,,,,
17.000,8E-6,17.000,-9E-6,,,,
17.100,2E-7,17.100,-6E-6,,,,
17.200,-8E-7,17.200,-9E-6,,,,
17.300,-2E-6,17.300,-7E-6,,,,
17.400,-1E-6,17.400,-7E-6,,,,
17.500,-2E-6,17.500,-6E-6,,,,
17.600,-1E-6,17.600,-5E-6,,,,
17.700,-1E-6,17.700,-6E-6,,,,
17.800,-4E-6,17.800,-5E-6,,,,
17.900,-5E-6,17.900,-8E-6,,,,
18.000,-5E-6,18.000,-6E-6,,,,
18.100,-5E-6,18.100,-7E-6,,,,
18.200,-8E-6,18.200,-7E-6,,,,
18.300,-1E-5,18.300,-7E-6,,,,
18.400,-5E-6,18.400,-7E-6,,,,
18.500,2E-6,18.500,-7E-6,,,,
18.600,6E-6,18.600,-8E-6,,,,
18.700,8E-6,18.700,-7E-6,,,,
18.800,1E-5,18.800,-7E-6,,,,
18.900,1E-5,18.900,-7E-6,,,,
19.000,1E-5,19.000,-7E-6,,,,
19.100,1E-5,19.100,-8E-6,,,,
19.200,1E-5,19.200,-9E-6,,,,
19.300,4E-6,19.300,-9E-6,,,,
19.400,6E-6,19.400,-8E-6,,,,
19.500,9E-6,19.500,-1E-5,,,,
19.600,1E-5,19.600,-9E-6,,,,
19.700,1E-5,19.700,-9E-6,,,,
19.800,2E-5,19.800,-8E-6,,,,
19.900,2E-5,19.900,-7E-6,,,,
20.000,2E-5,20.000,-9E-6,,,,
20.100,2E-5,20.100,-8E-6,,,,
20.200,2E-5,20.200,-8E-6,,,,
20.300,2E-5,20.300,-8E-6,,,,
20.400,2E-5,20.400,-8E-6,,,,
20.500,2E-5,20.500,-8E-6,,,,
20.600,2E-5,20.600,-9E-6,,,,
20.700,2E-5,20.700,-8E-6,,,,
20.800,2E-5,20.800,-9E-6,,,,
20.900,2E-5,20.900,-1E-5,,,,
21.000,2E-5,21.000,-9E-6,,,,
21.100,2E-5,21.100,-1E-5,,,,
21.200,2E-5,21.200,-9E-6,,,,
21.300,2E-5,21.300,-8E-6,,,,
21.400,1E-5,21.400,-1E-5,,,,
21.500,2E-5,21.500,-1E-5,,,,
21.600,2E-5,21.600,-1E-5,,,,
21.700,2E-5,21.700,-9E-6,,,,
21.800,2E-5,21.800,-1E-5,,,,
21.900,2E-5,21.900,-1E-5,,,,
22.000,2E-5,22.000,-1E-5,,,,
22.100,1E-5,22.100,-1E-5,,,,
22.200,1E-5,22.200,-1E-5,,,,
22.300,1E-5,22.300,-1E-5,,,,
22.400,1E-5,22.400,-1E-5,,,,
22.500,2E-5,22.500,-1E-5,,,,
22.600,2E-5,22.600,-1E-5,,,,
22.700,2E-5,22.700,-1E-5,,,,
22.800,2E-5,22.800,-1E-5,,,,
22.900,2E-5,22.900,-1E-5,,,,
23.000,2E-5,23.000,-1E-5,,,,
23.100,1E-5,23.100,-1E-5,,,,
23.200,1E-5,23.200,-1E-5,,,,
23.300,1E-5,23.300,-1E-5,,,,
23.400,5E-6,23.400,-1E-5,,,,
23.500,3E-7,23.500,-8E-6,,,,
23.600,5E-6,23.600,-1E-5,,,,
23.700,1E-5,23.700,-1E-5,,,,
23.800,2E-5,23.800,-1E-5,,,,
23.900,2E-5,23.900,-1E-5,,,,
24.000,2E-5,24.000,-1E-5,,,,
24.100,2E-5,24.100,-9E-6,,,,
24.200,1E-5,24.200,-1E-5,,,,
24.300,2E-5,24.300,-1E-5,,,,
24.400,2E-5,24.400,-1E-5,,,,
24.500,1E-5,24.500,-1E-5,,,,
24.600,5E-6,24.600,-1E-5,,,,
24.700,-2E-6,24.700,-1E-5,,,,
24.800,-7E-6,24.800,-1E-5,,,,
24.900,-9E-6,24.900,-9E-6,,,,
25.000,-1E-5,25.000,-9E-6,,,,
25.100,-1E-5,25.100,-1E-5,,,,
25.200,-1E-5,25.200,-1E-5,,,,
25.300,-1E-5,25.300,-9E-6,,,,
25.400,-1E-5,25.400,-8E-6,,,,
25.500,-2E-5,25.500,-1E-5,,,,
25.600,-2E-5,25.600,-1E-5,,,,
25.700,-2E-5,25.700,-1E-5,,,,
25.800,-2E-5,25.800,-1E-5,,,,
25.900,-2E-5,25.900,-1E-5,,,,
26.000,-2E-5,26.000,-1E-5,,,,
26.100,-2E-5,26.100,-1E-5,,,,
26.200,-2E-5,26.200,-1E-5,,,,
26.300,-8E-6,26.300,-1E-5,,,,
26.400,-4E-6,26.400,-1E-5,,,,
26.500,-2E-6,26.500,-1E-5,,,,
26.600,6E-6,26.600,-1E-5,,,,
26.700,1E-5,26.700,-1E-5,,,,
26.800,2E-5,26.800,-1E-5,,,,
26.900,1E-5,26.900,-1E-5,,,,
27.000,2E-5,27.000,-1E-5,,,,
27.100,2E-5,27.100,-1E-5,,,,
27.200,1E-5,27.200,-1E-5,,,,
27.300,1E-5,27.300,-1E-5,,,,
27.400,1E-5,27.400,-1E-5,,,,
27.500,1E-5,27.500,-9E-6,,,,
27.600,9E-6,27.600,-1E-5,,,,
27.700,1E-5,27.700,-1E-5,,,,
27.800,9E-6,27.800,-1E-5,,,,
27.900,1E-5,27.900,-1E-5,,,,
28.000,1E-5,28.000,-1E-5,,,,
28.100,1E-5,28.100,-1E-5,,,,
28.200,1E-5,28.200,-9E-6,,,,
28.300,1E-5,28.300,-1E-5,,,,
28.400,1E-5,28.400,-1E-5,,,,
28.500,7E-6,28.500,-1E-5,,,,
28.600,1E-5,28.600,-1E-5,,,,
28.700,1E-5,28.700,-1E-5,,,,
28.800,1E-5,28.800,-1E-5,,,,
28.900,1E-5,28.900,-1E-5,,,,
29.000,1E-5,29.000,-1E-5,,,,
29.100,1E-5,29.100,-1E-5,,,,
29.200,1E-5,29.200,-1E-5,,,,
29.300,1E-5,29.300,-1E-5,,,,
29.400,9E-6,29.400,-1E-5,,,,
29.500,9E-6,29.500,-1E-5,,,,
29.600,1E-5,29.600,-1E-5,,,,
29.700,1E-5,29.700,-1E-5,,,,
29.800,1E-5,29.800,-1E-5,,,,
29.900,1E-5,29.900,-1E-5,,,,
30.000,1E-5,30.000,-2E-5,,,,
30.100,9E-6,30.100,-1E-5,,,,
30.200,9E-6,30.200,-1E-5,,,,
30.300,9E-6,30.300,-1E-5,,,,
30.400,1E-5,30.400,-2E-5,,,,
30.500,1E-5,30.500,-1E-5,,,,
30.600,1E-5,30.600,-1E-5,,,,
30.700,1E-5,30.700,-1E-5,,,,
30.800,6E-6,30.800,-1E-5,,,,
30.900,7E-6,30.900,-2E-5,,,,
31.000,5E-6,31.000,-2E-5,,,,
31.100,3E-6,31.100,-2E-5,,,,
31.200,-2E-6,31.200,-2E-5,,,,
31.300,2E-6,31.300,-2E-5,,,,
31.400,2E-6,31.400,-2E-5,,,,
31.500,2E-6,31.500,-2E-5,,,,
31.600,-2E-6,31.600,-2E-5,,,,
31.700,-1E-5,31.700,-2E-5,,,,
31.800,-2E-5,31.800,-2E-5,,,,
31.900,-3E-5,31.900,-2E-5,,,,
32.000,-1E-5,32.000,-2E-5,,,,
32.100,-1E-5,32.100,-2E-5,,,,
32.200,-2E-5,32.200,-2E-5,,,,
32.300,-1E-5,32.300,-1E-5,,,,
32.400,-1E-5,32.400,-1E-5,,,,
32.500,-2E-5,32.500,-1E-5,,,,
32.600,-1E-5,32.600,-1E-5,,,,
32.700,-2E-5,32.700,-1E-5,,,,
32.800,-2E-5,32.800,-1E-5,,,,
32.900,-1E-5,32.900,-1E-5,,,,
33.000,-1E-5,33.000,-2E-5,,,,
33.100,-3E-5,33.100,-1E-5,,,,
33.200,-3E-5,33.200,-2E-5,,,,
33.300,-2E-5,33.300,-2E-5,,,,
33.400,-2E-5,33.400,-1E-5,,,,
33.500,-3E-5,33.500,-2E-5,,,,
33.600,-3E-5,33.600,-2E-5,,,,
33.700,-2E-5,33.700,-2E-5,,,,
33.800,-2E-5,33.800,-1E-5,,,,
33.900,-9E-6,33.900,-2E-5,,,,
34.000,-2E-5,34.000,-2E-5,,,,
34.100,-3E-5,34.100,-2E-5,,,,
34.200,-2E-5,34.200,-1E-5,,,,
34.300,-3E-5,34.300,-1E-5,,,,
34.400,-2E-5,34.400,-2E-5,,,,
34.500,-1E-5,34.500,-1E-5,,,,
34.600,-1E-5,34.600,-1E-5,,,,
34.700,-1E-5,34.700,-1E-5,,,,
34.800,-1E-5,34.800,-1E-5,,,,
34.900,-1E-5,34.900,-2E-5,,,,
35.000,-2E-5,35.000,-1E-5,,,,
35.100,-1E-5,35.100,-2E-5,,,,
35.200,-1E-5,35.200,-2E-5,,,,
35.300,-1E-5,35.300,-1E-5,,,,
35.400,-1E-5,35.400,-1E-5,,,,
35.500,-1E-5,35.500,-2E-5,,,,
35.600,-1E-5,35.600,-1E-5,,,,
35.700,-1E-5,35.700,-1E-5,,,,
35.800,-1E-5,35.800,-2E-5,,,,
35.900,-1E-5,35.900,-1E-5,,,,
36.000,-1E-5,36.000,-1E-5,,,,
36.100,-1E-5,36.100,-1E-5,,,,
36.200,-2E-5,36.200,-2E-5,,,,
36.300,-2E-5,36.300,-2E-5,,,,
36.400,-3E-5,36.400,-2E-5,,,,
36.500,-2E-5,36.500,-2E-5,,,,
36.600,-2E-5,36.600,-1E-5,,,,
36.700,-2E-5,36.700,-1E-5,,,,
36.800,-1E-5,36.800,-2E-5,,,,
36.900,-4E-6,36.900,-2E-5,,,,
37.000,-2E-6,37.000,-2E-5,,,,
37.100,-9E-6,37.100,-2E-5,,,,
37.200,-3E-5,37.200,-2E-5,,,,
37.300,-3E-5,37.300,-2E-5,,,,
37.400,-3E-5,37.400,-1E-5,,,,
37.500,-3E-5,37.500,-2E-5,,,,
37.600,-3E-5,37.600,-2E-5,,,,
37.700,-3E-5,37.700,-2E-5,,,,
37.800,-2E-5,37.800,-2E-5,,,,
37.900,-2E-5,37.900,-2E-5,,,,
38.000,-2E-5,38.000,-2E-5,,,,
38.100,-2E-5,38.100,-2E-5,,,,
38.200,-2E-5,38.200,-2E-5,,,,
38.300,-1E-5,38.300,-2E-5,,,,
38.400,-1E-5,38.400,-2E-5,,,,
38.500,-1E-5,38.500,-2E-5,,,,
38.600,-1E-5,38.600,-2E-5,,,,
38.700,-1E-5,38.700,-2E-5,,,,
38.800,-2E-5,38.800,-2E-5,,,,
38.900,-3E-5,38.900,-2E-5,,,,
39.000,-3E-5,39.000,-2E-5,,,,
39.100,-2E-5,39.100,-2E-5,,,,
39.200,-1E-5,39.200,-2E-5,,,,
39.300,-1E-5,39.300,-2E-5,,,,
39.400,-8E-6,39.400,-2E-5,,,,
39.500,-7E-6,39.500,-2E-5,,,,
39.600,-7E-6,39.600,-2E-5,,,,
39.700,8E-7,39.700,-2E-5,,,,
39.800,-2E-7,39.800,-2E-5,,,,
39.900,-3E-6,39.900,-2E-5,,,,
40.000,-4E-6,40.000,-2E-5,,,,
40.100,-5E-6,40.100,-2E-5,,,,
40.200,-1E-5,40.200,-2E-5,,,,
,,40.300,-2E-5,,,,
,,40.400,-2E-5,,,,
,,40.500,-2E-5,,,,
,,40.600,-2E-5,,,,
,,40.700,-2E-5,,,,
,,40.800,-2E-5,,,,
,,40.900,-2E-5,,,,
,,41.000,-2E-5,,,,
,,41.100,-2E-5,,,,
,,41.200,-2E-5,,,,
,,41.300,-2E-5,,,,
,,41.400,-2E-5,,,,
,,41.500,-2E-5,,,,
,,41.600,-2E-5,,,,
,,41.700,-2E-5,,,,
,,41.800,-2E-5,,,,
,,41.900,-2E-5,,,,
,,42.000,-2E-5,,,,
,,42.100,-2E-5,,,,
,,42.200,-2E-5,,,,
,,42.300,-2E-5,,,,
,,42.400,-2E-5,,,,
,,42.500,-2E-5,,,,
,,42.600,-2E-5,,,,
,,42.700,-2E-5,,,,
,,42.800,-2E-5,,,,
,,42.900,-2E-5,,,,
,,43.000,-2E-5,,,,
,,43.100,-2E-5,,,,
,,43.200,-2E-5,,,,
,,43.300,-2E-5,,,,
,,43.400,-2E-5,,,,
,,43.500,-2E-5,,,,
,,43.600,-2E-5,,,,
,,43.700,-2E-5,,,,
,,43.800,-2E-5,,,,
,,43.900,-2E-5,,,,
,,44.000,-2E-5,,,,
,,44.100,-2E-5,,,,
,,44.200,-2E-5,,,,
,,44.300,-2E-5,,,,
,,44.400,-2E-5,,,,
,,44.500,-2E-5,,,,
,,44.600,-2E-5,,,,
,,44.700,-2E-5,,,,
,,44.800,-2E-5,,,,
,,44.900,-2E-5,,,,
,,45.000,-2E-5,,,,
,,45.100,-2E-5,,,,
,,45.200,-2E-5,,,,
,,45.300,-2E-5,,,,
,,45.400,-2E-5,,,,
,,45.500,-2E-5,,,,
,,45.600,-2E-5,,,,
,,45.700,-2E-5,,,,
,,45.800,-2E-5,,,,
,,45.900,-2E-5,,,,
,,46.000,-2E-5,,,,
,,46.100,-2E-5,,,,
,,46.200,-2E-5,,,,
,,46.300,-2E-5,,,,
,,46.400,-2E-5,,,,
,,46.500,-2E-5,,,,
,,46.600,-2E-5,,,,
,,46.700,-2E-5,,,,
,,46.800,-2E-5,,,,
,,46.900,-2E-5,,,,
,,47.000,-2E-5,,,,
,,47.100,-2E-5,,,,
,,47.200,-2E-5,,,,
,,47.300,-2E-5,,,,
,,47.400,-2E-5,,,,
,,47.500,-2E-5,,,,
,,47.600,-2E-5,,,,
,,47.700,-2E-5,,,,
,,47.800,-2E-5,,,,
,,47.900,-2E-5,,,,
,,48.000,-2E-5,,,,
,,48.100,-2E-5,,,,
,,48.200,-2E-5,,,,
,,48.300,-2E-5,,,,
,,48.400,-2E-5,,,,
,,48.500,-2E-5,,,,
,,48.600,-2E-5,,,,
,,48.700,-2E-5,,,,
,,48.800,-2E-5,,,,
,,48.900,-2E-5,,,,
,,49.000,-2E-5,,,,
,,49.100,-2E-5,,,,
,,49.200,-2E-5,,,,
,,49.300,-2E-5,,,,
,,49.400,-2E-5,,,,
,,49.500,-2E-5,,,,
,,49.600,-2E-5,,,,
,,49.700,-2E-5,,,,
,,49.800,-2E-5,,,,
,,49.900,-2E-5,,,,
,,50.000,-2E-5,,,,
,,50.100,-2E-5,,,,
,,50.200,-2E-5,,,,
,,50.300,-2E-5,,,,
,,50.400,-2E-5,,,,
,,50.500,-2E-5,,,,
,,50.600,-2E-5,,,,
,,50.700,-2E-5,,,,
,,50.800,-2E-5,,,,
,,50.900,-2E-5,,,,
,,51.000,-3E-5,,,,
,,51.100,-2E-5,,,,
,,51.200,-2E-5,,,,
,,51.300,-2E-5,,,,
,,51.400,-3E-5,,,,
,,51.500,-2E-5,,,,
,,51.600,-2E-5,,,,
,,51.700,-2E-5,,,,
,,51.800,-2E-5,,,,
,,51.900,-2E-5,,,,
,,52.000,-2E-5,,,,
,,52.100,-2E-5,,,,
,,52.200,-2E-5,,,,
,,52.300,-2E-5,,,,
,,52.400,-2E-5,,,,
,,52.500,-2E-5,,,,
,,52.600,-2E-5,,,,
,,52.700,-2E-5,,,,
,,52.800,-2E-5,,,,
,,52.900,-2E-5,,,,
,,53.000,-2E-5,,,,
,,53.100,-2E-5,,,,
,,53.200,-2E-5,,,,
,,53.300,-3E-5,,,,
,,53.400,-2E-5,,,,
,,53.500,-3E-5,,,,
,,53.600,-2E-5,,,,
,,53.700,-3E-5,,,,
,,53.800,-3E-5,,,,
,,53.900,-2E-5,,,,
,,54.000,-3E-5,,,,
,,54.100,-2E-5,,,,
,,54.200,-2E-5,,,,
,,54.300,-2E-5,,,,
,,54.400,-2E-5,,,,
,,54.500,-2E-5,,,,
,,54.600,-2E-5,,,,
,,54.700,-2E-5,,,,
,,54.800,-2E-5,,,,
,,54.900,-2E-5,,,,
,,55.000,-3E-5,,,,
,,55.100,-3E-5,,,,
,,55.200,-3E-5,,,,
,,55.300,-3E-5,,,,
,,55.400,-3E-5,,,,
,,55.500,-2E-5,,,,
,,55.600,-2E-5,,,,
,,55.700,-2E-5,,,,
,,55.800,-2E-5,,,,
,,55.900,-3E-5,,,,
,,56.000,-2E-5,,,,
,,56.100,-2E-5,,,,
,,56.200,-3E-5,,,,
,,56.300,-3E-5,,,,
,,56.400,-3E-5,,,,
,,56.500,-2E-5,,,,
,,56.600,-3E-5,,,,
,,56.700,-3E-5,,,,
,,56.800,-3E-5,,,,
,,56.900,-3E-5,,,,
,,57.000,-3E-5,,,,
,,57.100,-3E-5,,,,
,,57.200,-3E-5,,,,
,,57.300,-3E-5,,,,
,,57.400,-3E-5,,,,
,,57.500,-3E-5,,,,
,,57.600,-3E-5,,,,
,,57.700,-3E-5,,,,
,,57.800,-3E-5,,,,
,,57.900,-3E-5,,,,
,,58.000,-3E-5,,,,
,,58.100,-3E-5,,,,
,,58.200,-3E-5,,,,
,,58.300,-3E-5,,,,
,,58.400,-3E-5,,,,
,,58.500,-3E-5,,,,
,,58.600,-3E-5,,,,
,,58.700,-3E-5,,,,
,,58.800,-3E-5,,,,
,,58.900,-3E-5,,,,
,,59.000,-3E-5,,,,
,,59.100,-3E-5,,,,
,,59.200,-3E-5,,,,
,,59.300,-3E-5,,,,
,,59.400,-3E-5,,,,
,,59.500,-3E-5,,,,
,,59.600,-3E-5,,,,
,,59.700,-3E-5,,,,
,,59.800,-3E-5,,,,
,,59.900,-3E-5,,,,
,,60.000,-3E-5,,,,
,,60.100,-3E-5,,,,
,,60.200,-3E-5,,,,
,,60.300,-3E-5,,,,
,,60.400,-3E-5,,,,
,,60.500,-3E-5,,,,
,,60.600,-3E-5,,,,
,,60.700,-3E-5,,,,
,,60.800,-3E-5,,,,
,,60.900,-3E-5,,,,
,,61.000,-3E-5,,,,
,,61.100,-3E-5,,,,
,,61.200,-3E-5,,,,
,,61.300,-3E-5,,,,
,,61.400,-3E-5,,,,
,,61.500,-3E-5,,,,
,,61.600,-3E-5,,,,
,,61.700,-3E-5,,,,
,,61.800,-3E-5,,,,
,,61.900,-3E-5,,,,
,,62.000,-3E-5,,,,
,,62.100,-3E-5,,,,
,,62.200,-3E-5,,,,
,,62.300,-3E-5,,,,
,,62.400,-3E-5,,,,
,,62.500,-3E-5,,,,
,,62.600,-3E-5,,,,
,,62.700,-3E-5,,,,
,,62.800,-3E-5,,,,
,,62.900,-3E-5,,,,
,,63.000,-3E-5,,,,
,,63.100,-3E-5,,,,
,,63.200,-3E-5,,,,
,,63.300,-3E-5,,,,
,,63.400,-3E-5,,,,
,,63.500,-3E-5,,,,
,,63.600,-3E-5,,,,
,,63.700,-3E-5,,,,
,,63.800,-3E-5,,,,
,,63.900,-3E-5,,,,
,,64.000,-3E-5,,,,
,,64.100,-3E-5,,,,
,,64.200,-3E-5,,,,
,,64.300,-3E-5,,,,
,,64.400,-3E-5,,,,
,,64.500,-3E-5,,,,
,,64.600,-3E-5,,,,
,,64.700,-3E-5,,,,
,,64.800,-3E-5,,,,
,,64.900,-3E-5,,,,
,,65.000,-3E-5,,,,
,,65.100,-3E-5,,,,
,,65.200,-3E-5,,,,
,,65.300,-3E-5,,,,
,,65.400,-3E-5,,,,
,,65.500,-3E-5,,,,
,,65.600,-3E-5,,,,
,,65.700,-3E-5,,,,
,,65.800,-3E-5,,,,
,,65.900,-3E-5,,,,
,,66.000,-3E-5,,,,
,,66.100,-3E-5,,,,
,,66.200,-3E-5,,,,
,,66.300,-3E-5,,,,
,,66.400,-3E-5,,,,
,,66.500,-3E-5,,,,
,,66.600,-3E-5,,,,
,,66.700,-3E-5,,,,
,,66.800,-3E-5,,,,
,,66.900,-3E-5,,,,
,,67.000,-3E-5,,,,
,,67.100,-3E-5,,,,
,,67.200,-3E-5,,,,
,,67.300,-3E-5,,,,
,,67.400,-3E-5,,,,
,,67.500,-3E-5,,,,
,,67.600,-3E-5,,,,
,,67.700,-3E-5,,,,
,,67.800,-3E-5,,,,
,,67.900,-3E-5,,,,
,,68.000,-3E-5,,,,
,,68.100,-3E-5,,,,
,,68.200,-3E-5,,,,
,,68.300,-3E-5,,,,
,,68.400,-3E-5,,,,
,,68.500,-3E-5,,,,
,,68.600,-3E-5,,,,
,,68.700,-3E-5,,,,
,,68.800,-3E-5,,,,
,,68.900,-3E-5,,,,
,,69.000,-3E-5,,,,
,,69.100,-3E-5,,,,
,,69.200,-3E-5,,,,
,,69.300,-3E-5,,,,
,,69.400,-3E-5,,,,
,,69.500,-3E-5,,,,
,,69.600,-3E-5,,,,
,,69.700,-3E-5,,,,
,,69.800,-3E-5,,,,
,,69.900,-3E-5,,,,
,,70.000,-3E-5,,,,
,,70.100,-3E-5,,,,
,,70.200,-3E-5,,,,
,,70.300,-3E-5,,,,
,,70.400,-3E-5,,,,
,,70.500,-3E-5,,,,
,,70.600,-3E-5,,,,
,,70.700,-3E-5,,,,
,,70.800,-3E-5,,,,
,,70.900,-3E-5,,,,
,,71.000,-3E-5,,,,
,,71.100,-3E-5,,,,
,,71.200,-3E-5,,,,
,,71.300,-3E-5,,,,
,,71.400,-3E-5,,,,
,,71.500,-3E-5,,,,
,,71.600,-3E-5,,,,
,,71.700,-3E-5,,,,
,,71.800,-3E-5,,,,
,,71.900,-3E-5,,,,
,,72.000,-3E-5,,,,
,,72.100,-3E-5,,,,
,,72.200,-3E-5,,,,
,,72.300,-4E-5,,,,
,,72.400,-4E-5,,,,
,,72.500,-4E-5,,,,
,,72.600,-3E-5,,,,
,,72.700,-3E-5,,,,
,,72.800,-3E-5,,,,
,,72.900,-3E-5,,,,
,,73.000,-3E-5,,,,
,,73.100,-3E-5,,,,
,,73.200,-3E-5,,,,
,,73.300,-3E-5,,,,
,,73.400,-3E-5,,,,
,,73.500,-3E-5,,,,
,,73.600,-3E-5,,,,
,,73.700,-3E-5,,,,
,,73.800,-3E-5,,,,
,,73.900,-4E-5,,,,
,,74.000,-3E-5,,,,
,,74.100,-3E-5,,,,
,,74.200,-3E-5,,,,
,,74.300,-3E-5,,,,
,,74.400,-3E-5,,,,
,,74.500,-3E-5,,,,
,,74.600,-3E-5,,,,
,,74.700,-3E-5,,,,
,,74.800,-4E-5,,,,
,,74.900,-4E-5,,,,
,,75.000,-4E-5,,,,
,,75.100,-3E-5,,,,
,,75.200,-4E-5,,,,
,,75.300,-4E-5,,,,
,,75.400,-4E-5,,,,
,,75.500,-3E-5,,,,
,,75.600,-4E-5,,,,
,,75.700,-4E-5,,,,
,,75.800,-4E-5,,,,
,,75.900,-4E-5,,,,
,,76.000,-4E-5,,,,
,,76.100,-4E-5,,,,
,,76.200,-4E-5,,,,
,,76.300,-4E-5,,,,
,,76.400,-4E-5,,,,
,,76.500,-4E-5,,,,
,,76.600,-4E-5,,,,
,,76.700,-4E-5,,,,
,,76.800,-3E-5,,,,
,,76.900,-3E-5,,,,
,,77.000,-4E-5,,,,
,,77.100,-3E-5,,,,
,,77.200,-4E-5,,,,
,,77.300,-4E-5,,,,
,,77.400,-3E-5,,,,
,,77.500,-4E-5,,,,
,,77.600,-4E-5,,,,
,,77.700,-4E-5,,,,
,,77.800,-4E-5,,,,
,,77.900,-4E-5,,,,
,,78.000,-4E-5,,,,
,,78.100,-4E-5,,,,
,,78.200,-4E-5,,,,
,,78.300,-4E-5,,,,
,,78.400,-4E-5,,,,
,,78.500,-4E-5,,,,
,,78.600,-4E-5,,,,
,,78.700,-4E-5,,,,
,,78.800,-4E-5,,,,
,,78.900,-4E-5,,,,
,,79.000,-4E-5,,,,
,,79.100,-4E-5,,,,
,,79.200,-4E-5,,,,
,,79.300,-4E-5,,,,
,,79.400,-4E-5,,,,
,,79.500,-4E-5,,,,
,,79.600,-4E-5,,,,
,,79.700,-4E-5,,,,
,,79.800,-4E-5,,,,
,,79.900,-4E-5,,,,
,,80.000,-4E-5,,,,
,,80.100,-4E-5,,,,
,,80.200,-4E-5,,,,
,,80.300,-4E-5,,,,
,,80.400,-4E-5,,,,
,,80.500,-4E-5,,,,
,,80.600,-4E-5,,,,
,,80.700,-4E-5,,,,
,,80.800,-4E-5,,,,
,,80.900,-4E-5,,,,
,,81.000,-4E-5,,,,
,,81.100,-4E-5,,,,
,,81.200,-4E-5,,,,
,,81.300,-4E-5,,,,
,,81.400,-4E-5,,,,
,,81.500,-4E-5,,,,
,,81.600,-4E-5,,,,
,,81.700,-4E-5,,,,
,,81.800,-4E-5,,,,
,,81.900,-4E-5,,,,
,,82.000,-4E-5,,,,
,,82.100,-4E-5,,,,
,,82.200,-3E-5,,,,
,,82.300,-4E-5,,,,
,,82.400,-4E-5,,,,
,,82.500,-4E-5,,,,
,,82.600,-4E-5,,,,
,,82.700,-4E-5,,,,
,,82.800,-4E-5,,,,
,,82.900,-4E-5,,,,
,,83.000,-4E-5,,,,
,,83.100,-4E-5,,,,
,,83.200,-4E-5,,,,
,,83.300,-4E-5,,,,
,,83.400,-4E-5,,,,
,,83.500,-4E-5,,,,
,,83.600,-4E-5,,,,
,,83.700,-4E-5,,,,
,,83.800,-4E-5,,,,
,,83.900,-4E-5,,,,
,,84.000,-4E-5,,,,
,,84.100,-4E-5,,,,
,,84.200,-4E-5,,,,
,,84.300,-4E-5,,,,
,,84.400,-4E-5,,,,
,,84.500,-4E-5,,,,
,,84.600,-4E-5,,,,
,,84.700,-4E-5,,,,
,,84.800,-4E-5,,,,
,,84.900,-4E-5,,,,
,,85.000,-4E-5,,,,
,,85.100,-4E-5,,,,
,,85.200,-4E-5,,,,
,,85.300,-4E-5,,,,
,,85.400,-4E-5,,,,
,,85.500,-4E-5,,,,
,,85.600,-4E-5,,,,
,,85.700,-4E-5,,,,
,,85.800,-4E-5,,,,
,,85.900,-4E-5,,,,
,,86.000,-4E-5,,,,
,,86.100,-4E-5,,,,
,,86.200,-4E-5,,,,
,,86.300,-4E-5,,,,
,,86.400,-4E-5,,,,
,,86.500,-4E-5,,,,
,,86.600,-4E-5,,,,
,,86.700,-4E-5,,,,
,,86.800,-4E-5,,,,
,,86.900,-4E-5,,,,
,,87.000,-4E-5,,,,
,,87.100,-4E-5,,,,
,,87.200,-4E-5,,,,
,,87.300,-4E-5,,,,
,,87.400,-4E-5,,,,
,,87.500,-4E-5,,,,
,,87.600,-4E-5,,,,
,,87.700,-4E-5,,,,
,,87.800,-4E-5,,,,
,,87.900,-4E-5,,,,
,,88.000,-4E-5,,,,
,,88.100,-4E-5,,,,
,,88.200,-4E-5,,,,
,,88.300,-4E-5,,,,
,,88.400,-4E-5,,,,
,,88.500,-4E-5,,,,
,,88.600,-4E-5,,,,
,,88.700,-4E-5,,,,
,,88.800,-4E-5,,,,
,,88.900,-4E-5,,,,
,,89.000,-4E-5,,,,
,,89.100,-4E-5,,,,
,,89.200,-4E-5,,,,
,,89.300,-4E-5,,,,
,,89.400,-4E-5,,,,
,,89.500,-4E-5,,,,
,,89.600,-4E-5,,,,
,,89.700,-4E-5,,,,
,,89.800,-4E-5,,,,
,,89.900,-4E-5,,,,
,,90.000,-4E-5,,,,
,,90.100,-4E-5,,,,
,,90.200,-4E-5,,,,
,,90.300,-4E-5,,,,
,,90.400,-4E-5,,,,
,,90.500,-4E-5,,,,
,,90.600,-4E-5,,,,
,,90.700,-4E-5,,,,
,,90.800,-4E-5,,,,
,,90.900,-4E-5,,,,
,,91.000,-4E-5,,,,
,,91.100,-4E-5,,,,
,,91.200,-4E-5,,,,
,,91.300,-4E-5,,,,
,,91.400,-4E-5,,,,
,,91.500,-4E-5,,,,
,,91.600,-4E-5,,,,
,,91.700,-4E-5,,,,
,,91.800,-4E-5,,,,
,,91.900,-4E-5,,,,
,,92.000,-4E-5,,,,
,,92.100,-4E-5,,,,
,,92.200,-4E-5,,,,
,,92.300,-4E-5,,,,
,,92.400,-4E-5,,,,
,,92.500,-4E-5,,,,
,,92.600,-4E-5,,,,
,,92.700,-4E-5,,,,
,,92.800,-4E-5,,,,
,,92.900,-4E-5,,,,
,,93.000,-4E-5,,,,
,,93.100,-4E-5,,,,
,,93.200,-4E-5,,,,
,,93.300,-4E-5,,,,
,,93.400,-4E-5,,,,
,,93.500,-4E-5,,,,
,,93.600,-5E-5,,,,
,,93.700,-4E-5,,,,
,,93.800,-4E-5,,,,
,,93.900,-4E-5,,,,
,,94.000,-4E-5,,,,
,,94.100,-4E-5,,,,
,,94.200,-4E-5,,,,
,,94.300,-4E-5,,,,
,,94.400,-5E-5,,,,
,,94.500,-4E-5,,,,
,,94.600,-4E-5,,,,
,,94.700,-5E-5,,,,
,,94.800,-4E-5,,,,
,,94.900,-4E-5,,,,
,,95.000,-5E-5,,,,
,,95.100,-4E-5,,,,
,,95.200,-4E-5,,,,
,,95.300,-4E-5,,,,
,,95.400,-4E-5,,,,
,,95.500,-4E-5,,,,
,,95.600,-4E-5,,,,
,,95.700,-4E-5,,,,
,,95.800,-4E-5,,,,
,,95.900,-4E-5,,,,
,,96.000,-4E-5,,,,
,,96.100,-4E-5,,,,
,,96.200,-4E-5,,,,
,,96.300,-4E-5,,,,
,,96.400,-4E-5,,,,
,,96.500,-4E-5,,,,
,,96.600,-4E-5,,,,
,,96.700,-5E-5,,,,
,,96.800,-5E-5,,,,
,,96.900,-4E-5,,,,
,,97.000,-5E-5,,,,
,,97.100,-4E-5,,,,
,,97.200,-5E-5,,,,
,,97.300,-5E-5,,,,
,,97.400,-5E-5,,,,
,,97.500,-5E-5,,,,
,,97.600,-4E-5,,,,
,,97.700,-5E-5,,,,
,,97.800,-5E-5,,,,
,,97.900,-5E-5,,,,
,,98.000,-5E-5,,,,
,,98.100,-4E-5,,,,
,,98.200,-5E-5,,,,
,,98.300,-5E-5,,,,
,,98.400,-5E-5,,,,
,,98.500,-5E-5,,,,
,,98.600,-5E-5,,,,
,,98.700,-5E-5,,,,
,,98.800,-5E-5,,,,
,,98.900,-5E-5,,,,
,,99.000,-5E-5,,,,
,,99.100,-5E-5,,,,
,,99.200,-5E-5,,,,
,,99.300,-5E-5,,,,
,,99.400,-5E-5,,,,
,,99.500,-5E-5,,,,
,,99.600,-5E-5,,,,
,,99.700,-5E-5,,,,
,,99.800,-5E-5,,,,
,,99.900,-5E-5,,,,
,,100.000,-5E-5,,,,